<?xml version = "1.0" encoding = "utf-8" ?>
 
<component name = "Character" extends = "Group" >
 
  <interface > 
    <field id = "itemContent" type = "node" onChange = "showcontent"/>
    <field id = "focusPercent" type = "float" onChange = "showfocus"/> 
    <field id = "rowFocusPercent" type = "float" onChange = "showrowfocus"/>
  </interface>
 
  <script type = "text/brightscript" >

    <![CDATA[

    sub init()
      m.itemposter = m.top.findNode("itemPoster") 
      m.itemmask = m.top.findNode("itemMask")
      m.itemlabel = m.top.findNode("itemLabel")
    end sub

    sub showcontent()
      itemcontent = m.top.itemContent
      m.itemposter.uri = itemcontent.HDPosterUrl
      m.itemlabel.text = itemcontent.title
    end sub

    sub showfocus()
      scale = 1 + (m.top.focusPercent * 0.08)
      m.itemposter.scale = [scale, scale]
    end sub

    sub showrowfocus()
      m.itemmask.opacity = 0.75 - (m.top.rowFocusPercent * 0.75)
      m.itemlabel.opacity = m.top.rowFocusPercent
    end sub

    ]]>

  </script>

  <children >

    <Poster 
      id = "itemPoster" 
      translation = "[ 10, 10 ]" 
      width = "250" 
      height = "300" 
      scaleRotateCenter = "[ 256.0, 144.0 ]" >

      <Rectangle 
        id = "itemMask" 
        color = "0x000000FF" 
        opacity = "0.75" 
        width = "250" 
        height = "310" 
        scaleRotateCenter = "[ 256.0, 144.0 ]"/>

    </Poster>

    <Label 
      id = "itemLabel" 
      translation = "[ 10, 280 ]" 
      horizAlign = "left" 
      width = "250" 
      opacity = "0.0"/>

  </children>

</component>