<?xml version = "1.0" encoding = "utf-8" ?>
 
<component name = "RowCharacters" extends = "ContentNode" >

  <children >

    <ContentNode title = "Top 10 Heroes" >
    <ContentNode 
    HDPosterUrl = "pkg:/images/heroes/thedoctor.png" 
    title = "The Doctor" />
<ContentNode 
    HDPosterUrl = "pkg:/images/heroes/rosetyler.png" 
    title = "Rose Tyler" />
<ContentNode 
    HDPosterUrl = "pkg:/images/heroes/captainjack.png" 
    title = "Captain Jack" />
<ContentNode 
    HDPosterUrl = "pkg:/images/heroes/sarahjanesmith.png" 
    title = "Sarah Jane Smith" />
<ContentNode 
    HDPosterUrl = "pkg:/images/heroes/donnanoble.png" 
    title = "Donna Noble" />
<ContentNode 
    HDPosterUrl = "pkg:/images/heroes/amypond.png" 
    title = "Amy Pond" />
<ContentNode 
    HDPosterUrl = "pkg:/images/heroes/rorywilliams.png" 
    title = "Rory Williams" />
<ContentNode 
    HDPosterUrl = "pkg:/images/heroes/claraoswald.png" 
    title = "Clara Oswald" />
<ContentNode 
    HDPosterUrl = "pkg:/images/heroes/brigadierlethbridgestewart.png" 
    title = "Brigadier Lethbridge Stewart" />
<ContentNode 
    HDPosterUrl = "pkg:/images/heroes/wilfredmott.png" 
    title = "Wilfred Mott" />


    </ContentNode>

       <ContentNode title = "Top 10 Villains" >
<ContentNode 
    HDPosterUrl = "pkg:/images/villains/theabzorbaloff.png" 
    title = "The Abzorbaloff" />
<ContentNode 
    HDPosterUrl = "pkg:/images/villains/daleks.png" 
    title = "Daleks" />
<ContentNode 
    HDPosterUrl = "pkg:/images/villains/cybermen.png" 
    title = "Cybermen" />
<ContentNode 
    HDPosterUrl = "pkg:/images/villains/themaster.png" 
    title = "The Master" />
<ContentNode 
    HDPosterUrl = "pkg:/images/villains/weepingangels.png" 
    title = "Weeping Angels" />
<ContentNode 
    HDPosterUrl = "pkg:/images/villains/silence.png" 
    title = "Silence" />
<ContentNode 
    HDPosterUrl = "pkg:/images/villains/davros.png" 
    title = "Davros" />
<ContentNode 
    HDPosterUrl = "pkg:/images/villains/missy.png" 
    title = "Missy" />
<ContentNode 
    HDPosterUrl = "pkg:/images/villains/sontarans.png" 
    title = "Sontarans" />
<ContentNode 
    HDPosterUrl = "pkg:/images/villains/zygons.png" 
    title = "Zygons" />
</ContentNode>


  </children>

</component>